num_agent_words,seed,best_word,pairwise_max,pairwise_min,pairwise_mean,pairwise_std,centroid_mean,centroid_std,centroid_min,centroid_max,intra_group_variance,best_margin,best_min_pos,best_max_neg,n_agents_total,n_innocents_total,n_agents_selected,decoder_top_k,decoder_top_k_str,matches_count,matches_rate,matches_words,matches_words_str,selected_agent_words,selected_agent_words_str,first_match_rank,leading_matches_prefix
2,42,esmolol,0.636433482170105,0.636433482170105,0.636433482170105,0.0,0.9045536518096924,5.960464477539063e-08,0.9045535922050476,0.9045537114143372,0.09544634819030762,-0.014295578002929688,0.6336634159088135,0.6479589939117432,9,16,2,"['egg', 'camp']",egg|camp,0,0.0,[],,"['music', 'lawhotel']",music|lawhotel,0,0
2,43,subcommittee,0.7212347388267517,0.7212347388267517,0.7212347388267517,0.0,0.9276943206787109,2.384185791015625e-07,0.9276940822601318,0.92769455909729,0.07230567932128906,0.040340542793273926,0.7321250438690186,0.6917845010757446,9,16,2,"['chair', 'branch']",chair|branch,2,1.0,"['chair', 'branch']",chair|branch,"['chair', 'branch']",chair|branch,1,2
2,44,bowhead,0.6987031102180481,0.6987031102180481,0.6987031102180481,0.0,0.921602725982666,5.960464477539063e-08,0.9216026663780212,0.9216027855873108,0.07839727401733398,0.03985321521759033,0.7311990261077881,0.6913458108901978,9,16,2,"['head', 'dolphin']",head|dolphin,2,1.0,"['head', 'dolphin']",head|dolphin,"['dolphin', 'head']",dolphin|head,1,2
2,45,incorporeal,0.7482625246047974,0.7482625246047974,0.7482625246047974,0.0,0.9349497556686401,1.519626238177807e-07,0.9349496364593506,0.9349499344825745,0.06505024433135986,0.025695741176605225,0.7347865104675293,0.7090907692909241,9,16,2,"['body', 'dream']",body|dream,2,1.0,"['body', 'dream']",body|dream,"['body', 'dream']",body|dream,1,2
2,46,streptosolen,0.7229641675949097,0.7229641675949097,0.7229641675949097,0.0,0.9281606674194336,2.107342425006209e-07,0.9281604886054993,0.9281609058380127,0.0718393325805664,0.039066314697265625,0.7079193592071533,0.6688530445098877,9,16,2,"['grape', 'sun']",grape|sun,2,1.0,"['grape', 'sun']",grape|sun,"['sun', 'grape']",sun|grape,1,2
2,47,googolplex,0.7150833010673523,0.7150833010673523,0.7150833010673523,0.0,0.9260355830192566,1.7881393432617188e-07,0.9260354042053223,0.9260357618331909,0.07396441698074341,0.03821498155593872,0.7465502619743347,0.708335280418396,9,16,2,"['enormous', 'computer']",enormous|computer,2,1.0,"['enormous', 'computer']",enormous|computer,"['computer', 'enormous']",computer|enormous,1,2
2,48,linotype,0.73188316822052,0.73188316822052,0.73188316822052,0.0,0.9305596947669983,1.7881393432617188e-07,0.930559515953064,0.9305598735809326,0.06944030523300171,0.01999443769454956,0.7114195823669434,0.6914251446723938,9,16,2,"['cat', 'image']",cat|image,2,1.0,"['cat', 'image']",cat|image,"['image', 'cat']",image|cat,1,2
2,49,coerce,0.7245549559593201,0.7245549559593201,0.7245549559593201,0.0,0.9285891056060791,0.0,0.9285891056060791,0.9285891056060791,0.0714108943939209,0.034498751163482666,0.7366129755973816,0.7021142244338989,9,16,2,"['force', 'coin']",force|coin,2,1.0,"['force', 'coin']",force|coin,"['force', 'coin']",force|coin,1,2
2,50,goalkeeper,0.784852147102356,0.784852147102356,0.784852147102356,0.0,0.9446830749511719,4.214684778958144e-08,0.9446830749511719,0.9446831345558167,0.055316925048828125,0.08214014768600464,0.7749956250190735,0.6928554773330688,9,16,2,"['goal', 'sport']",goal|sport,2,1.0,"['goal', 'sport']",goal|sport,"['goal', 'sport']",goal|sport,1,2
2,51,revitalized,0.7311502695083618,0.7311502695083618,0.7311502695083618,0.0,0.9303627014160156,3.291773964519962e-07,0.930362343788147,0.9303629994392395,0.06963729858398438,0.03452038764953613,0.7392212152481079,0.7047008275985718,9,16,2,"['solution', 'back']",solution|back,1,0.5,['back'],back,"['back', 'soul']",back|soul,2,0
3,42,esmolol,0.6887920498847961,0.636433482170105,0.6711830496788025,0.024572357535362244,0.8836224675178528,0.0092695951461792,0.8769797086715698,0.8967312574386597,0.11637753248214722,-0.014295578002929688,0.6336634159088135,0.6479589939117432,9,16,3,"['egg', 'camp', 'campsite']",egg|camp|campsite,1,0.3333333333333333,['camp'],camp,"['music', 'lawhotel', 'camp']",music|lawhotel|camp,2,0
3,43,checkbook,0.7234663367271423,0.71790611743927,0.7208690643310547,0.0022846295032650232,0.9021710753440857,0.0008441595709882677,0.9012114405632019,0.9032658934593201,0.0978289246559143,0.014191031455993652,0.7015869617462158,0.6873959302902222,9,16,3,"['branch', 'chair', 'picture']",branch|chair|picture,3,1.0,"['branch', 'chair', 'picture']",branch|chair|picture,"['chair', 'branch', 'picture']",chair|branch|picture,1,3
3,44,torpid,0.6994183659553528,0.6416154503822327,0.6799123287200928,0.02708154171705246,0.8869094252586365,0.01017818134278059,0.8795786499977112,0.901302695274353,0.11309057474136353,-0.000751495361328125,0.6836373805999756,0.6843888759613037,9,16,3,"['darkness', 'plain', 'head']",darkness|plain|head,1,0.3333333333333333,['head'],head,"['dolphin', 'head', 'hunger']",dolphin|head|hunger,3,0
3,45,macrocosmic,0.7482625246047974,0.7326908111572266,0.7381798624992371,0.007138922810554504,0.9085445404052734,0.0026189503259956837,0.904845654964447,0.9105581045150757,0.09145545959472656,0.01597350835800171,0.7304412722587585,0.7144677639007568,9,16,3,"['galaxy', 'giant', 'body']",galaxy|giant|body,2,0.6666666666666666,"['galaxy', 'body']",galaxy|body,"['body', 'dream', 'galaxy']",body|dream|galaxy,1,1
3,46,gravity,0.7438511848449707,0.6869603395462036,0.7179252505302429,0.023497307673096657,0.9010826945304871,0.008692379109561443,0.8914918899536133,0.9125375747680664,0.09891730546951294,0.01609092950820923,0.7530246376991272,0.736933708190918,9,16,3,"['love', 'sun', 'grape']",love|sun|grape,2,0.6666666666666666,"['sun', 'grape']",sun|grape,"['sun', 'grape', 'direction']",sun|grape|direction,2,0
3,47,endocranium,0.7495098114013672,0.7104367017745972,0.7250099182128906,0.01742757484316826,0.9036996364593506,0.006428367458283901,0.8946625590324402,0.9090750813484192,0.09630036354064941,0.015167593955993652,0.6767804622650146,0.661612868309021,9,16,3,"['computer', 'elephant', 'enormous']",computer|elephant|enormous,3,1.0,"['computer', 'elephant', 'enormous']",computer|elephant|enormous,"['computer', 'enormous', 'elephant']",computer|enormous|elephant,1,3
3,48,tarsius,0.7435323596000671,0.701504647731781,0.725640058517456,0.017716554924845695,0.9039320349693298,0.0065331715159118176,0.8973339796066284,0.9128322005271912,0.09606796503067017,0.005669593811035156,0.6906678676605225,0.6849982738494873,9,16,3,"['image', 'cat', 'miniature']",image|cat|miniature,3,1.0,"['image', 'cat', 'miniature']",image|cat|miniature,"['image', 'cat', 'miniature']",image|cat|miniature,1,3
3,49,diopter,0.725242018699646,0.6978840231895447,0.7158936858177185,0.012737829238176346,0.9003310203552246,0.004715971183031797,0.8968698978424072,0.9069987535476685,0.09966897964477539,0.018066585063934326,0.7050756216049194,0.6870090365409851,9,16,3,"['coin', 'dot', 'force']",coin|dot|force,3,1.0,"['coin', 'dot', 'force']",coin|dot|force,"['force', 'coin', 'dot']",force|coin|dot,1,3
3,50,overexertion,0.784852147102356,0.669742226600647,0.7140769362449646,0.05057603493332863,0.8996580243110657,0.018739059567451477,0.8734349608421326,0.9160847663879395,0.10034197568893433,0.00360107421875,0.7020021080970764,0.6984010338783264,9,16,3,"['muscle', 'sport', 'back']",muscle|sport|back,1,0.3333333333333333,['sport'],sport,"['goal', 'sport', 'blood']",goal|sport|blood,2,0
3,51,gaea,0.7311502695083618,0.7054765224456787,0.7176344394683838,0.010525151155889034,0.900975227355957,0.003893847344443202,0.89597487449646,0.905472993850708,0.09902477264404297,0.0126878023147583,0.7192746996879578,0.7065868973731995,9,16,3,"['journey', 'grain', 'back']",journey|grain|back,2,0.6666666666666666,"['grain', 'back']",grain|back,"['back', 'soul', 'grain']",back|soul|grain,2,0
4,42,esmolol,0.7059178352355957,0.636433482170105,0.6795589327812195,0.02157118171453476,0.8715900778770447,0.010223623365163803,0.8599419593811035,0.8843128681182861,0.12840992212295532,-0.015919506549835205,0.632039487361908,0.6479589939117432,9,16,4,"['egg', 'camp', 'campsite', 'hair']",egg|camp|campsite|hair,1,0.25,['camp'],camp,"['music', 'lawhotel', 'camp', 'rectangle']",music|lawhotel|camp|rectangle,2,0
4,43,ruler,0.7234663367271423,0.688342809677124,0.7077175974845886,0.014347308315336704,0.8836221694946289,0.006738488562405109,0.8724594712257385,0.8903437852859497,0.1163778305053711,0.004208087921142578,0.7319056987762451,0.7276976108551025,9,16,4,"['picture', 'chair', 'branch', 'rooster']",picture|chair|branch|rooster,4,1.0,"['picture', 'chair', 'branch', 'rooster']",picture|chair|branch|rooster,"['chair', 'branch', 'picture', 'rooster']",chair|branch|picture|rooster,1,4
4,44,torpid,0.7646682858467102,0.6416154503822327,0.7046437859535217,0.036522816866636276,0.8823167085647583,0.01777677796781063,0.8615207076072693,0.9033394455909729,0.1176832914352417,-0.000751495361328125,0.6836373805999756,0.6843888759613037,9,16,4,"['darkness', 'plain', 'head', 'hunger']",darkness|plain|head|hunger,3,0.75,"['plain', 'head', 'hunger']",plain|head|hunger,"['dolphin', 'head', 'hunger', 'plain']",dolphin|head|hunger|plain,2,0
4,45,mackem,0.7482625246047974,0.7016732096672058,0.7252998352050781,0.01533321850001812,0.8910526633262634,0.006966075394302607,0.8802116513252258,0.8995872735977173,0.10894733667373657,0.00461500883102417,0.6912871599197388,0.6866721510887146,9,16,4,"['beer', 'galaxy', 'dream', 'body']",beer|galaxy|dream|body,4,1.0,"['beer', 'galaxy', 'dream', 'body']",beer|galaxy|dream|body,"['body', 'dream', 'galaxy', 'beer']",body|dream|galaxy|beer,1,4
4,46,dihydroxyphenylalanine,0.757020890712738,0.6869603395462036,0.722324550151825,0.026286276057362556,0.8897995948791504,0.008326193317770958,0.8766201734542847,0.8992787599563599,0.11020040512084961,0.007589161396026611,0.6839463114738464,0.6763571500778198,9,16,4,"['grape', 'sun', 'love', 'direction']",grape|sun|love|direction,3,0.75,"['grape', 'sun', 'direction']",grape|sun|direction,"['sun', 'grape', 'direction', 'cherry']",sun|grape|direction|cherry,1,2
4,47,enologist,0.7495098114013672,0.6716933846473694,0.702826738357544,0.026815265417099,0.8815441131591797,0.010979796759784222,0.8626710176467896,0.8895916938781738,0.11845588684082031,0.0008895397186279297,0.6824476718902588,0.6815581321716309,9,16,4,"['beer', 'coffee', 'juice', 'computer']",beer|coffee|juice|computer,2,0.5,"['juice', 'computer']",juice|computer,"['computer', 'enormous', 'elephant', 'juice']",computer|enormous|elephant|juice,3,0
4,48,maimed,0.7511174082756042,0.701504647731781,0.7256327271461487,0.01787499338388443,0.8911927938461304,0.008619777858257294,0.8824337720870972,0.9051165580749512,0.10880720615386963,-0.00016897916793823242,0.6860877871513367,0.6862567663192749,9,16,4,"['miniature', 'image', 'painting', 'key']",miniature|image|painting|key,3,0.75,"['miniature', 'image', 'key']",miniature|image|key,"['image', 'cat', 'miniature', 'key']",image|cat|miniature|key,1,2
4,49,bullish,0.725242018699646,0.6836831569671631,0.7067539691925049,0.015044362284243107,0.8832132816314697,0.007167731411755085,0.875451922416687,0.8946478366851807,0.11678671836853027,-0.00127410888671875,0.6900976896286011,0.6913717985153198,9,16,4,"['coin', 'force', 'law', 'computer']",coin|force|law|computer,2,0.5,"['coin', 'force']",coin|force,"['force', 'coin', 'dot', 'uncle']",force|coin|dot|uncle,1,2
4,50,groin,0.784852147102356,0.6680976748466492,0.698251485824585,0.039760008454322815,0.8795956969261169,0.016819795593619347,0.8599053621292114,0.8985587358474731,0.12040430307388306,-0.0002829432487487793,0.6811752915382385,0.6814582347869873,9,16,4,"['muscle', 'sport', 'back', 'goal']",muscle|sport|back|goal,2,0.5,"['sport', 'goal']",sport|goal,"['goal', 'sport', 'blood', 'crab']",goal|sport|blood|crab,2,0
4,51,gaea,0.7652949094772339,0.7052425742149353,0.7276825904846191,0.02151603065431118,0.8920550346374512,0.009354060515761375,0.8763463497161865,0.9005030393600464,0.10794496536254883,0.0126878023147583,0.7192746996879578,0.7065868973731995,9,16,4,"['journey', 'grain', 'back', 'soul']",journey|grain|back|soul,4,1.0,"['journey', 'grain', 'back', 'soul']",journey|grain|back|soul,"['back', 'soul', 'grain', 'journey']",back|soul|grain|journey,1,4
5,42,chlordiazepoxide,0.7059178352355957,0.636433482170105,0.6771447658538818,0.022689491510391235,0.8612292408943176,0.01240568421781063,0.8450373411178589,0.8786616325378418,0.13877075910568237,-0.023227035999298096,0.6353452801704407,0.6585723161697388,9,16,5,"['pen', 'hair', 'bag', 'art', 'campsite']",pen|hair|bag|art|campsite,0,0.0,[],,"['music', 'lawhotel', 'camp', 'rectangle', 'bone']",music|lawhotel|camp|rectangle|bone,0,0
5,43,populist,0.7403745651245117,0.688342809677124,0.7167991399765015,0.016895374283194542,0.8794539570808411,0.008209765888750553,0.8681027889251709,0.8918454647064209,0.12054604291915894,-0.003434121608734131,0.6816178560256958,0.6850519776344299,9,16,5,"['wine', 'chair', 'orange', 'branch', 'plant']",wine|chair|orange|branch|plant,3,0.6,"['chair', 'orange', 'branch']",chair|orange|branch,"['chair', 'branch', 'picture', 'rooster', 'orange']",chair|branch|picture|rooster|orange,2,0
5,44,torpid,0.7646682858467102,0.6416154503822327,0.7055099606513977,0.02899893745779991,0.8743044137954712,0.01275537721812725,0.8594070672988892,0.8905699253082275,0.1256955862045288,-0.000751495361328125,0.6836373805999756,0.6843888759613037,9,16,5,"['darkness', 'plain', 'head', 'hunger', 'revealed']",darkness|plain|head|hunger|revealed,3,0.6,"['plain', 'head', 'hunger']",plain|head|hunger,"['dolphin', 'head', 'hunger', 'plain', 'squid']",dolphin|head|hunger|plain|squid,2,0
5,45,gaudiness,0.7482625246047974,0.6985614895820618,0.7208030819892883,0.016041405498981476,0.8812732696533203,0.007940175011754036,0.8705182075500488,0.8913894891738892,0.11872673034667969,-0.0033847689628601074,0.701702892780304,0.7050876617431641,9,16,5,"['dream', 'body', 'galaxy', 'glass', 'beer']",dream|body|galaxy|glass|beer,4,0.8,"['dream', 'body', 'galaxy', 'beer']",dream|body|galaxy|beer,"['body', 'dream', 'galaxy', 'beer', 'graveyard']",body|dream|galaxy|beer|graveyard,1,3
5,46,dihydroxyphenylalanine,0.757020890712738,0.6869603395462036,0.72944176197052,0.02242055907845497,0.8851855993270874,0.008271210826933384,0.8716843128204346,0.8948339223861694,0.1148144006729126,0.007589161396026611,0.6839463114738464,0.6763571500778198,9,16,5,"['grape', 'sun', 'love', 'direction', 'cherry']",grape|sun|love|direction|cherry,5,1.0,"['grape', 'sun', 'love', 'direction', 'cherry']",grape|sun|love|direction|cherry,"['sun', 'grape', 'direction', 'cherry', 'love']",sun|grape|direction|cherry|love,1,5
5,47,enologist,0.7495098114013672,0.6716933846473694,0.7079625725746155,0.022179096937179565,0.8754256367683411,0.008775880560278893,0.8583980798721313,0.8824654221534729,0.12457436323165894,0.0008895397186279297,0.6824476718902588,0.6815581321716309,9,16,5,"['beer', 'coffee', 'juice', 'computer', 'enormous']",beer|coffee|juice|computer|enormous,3,0.6,"['juice', 'computer', 'enormous']",juice|computer|enormous,"['computer', 'enormous', 'elephant', 'juice', 'feeling']",computer|enormous|elephant|juice|feeling,3,0
5,48,cannulation,0.7511174082756042,0.701504647731781,0.725805401802063,0.018193883821368217,0.8835408091545105,0.008437279611825943,0.8710905313491821,0.8973965644836426,0.1164591908454895,-0.0011522173881530762,0.6689642071723938,0.6701164245605469,9,16,5,"['plastic', 'image', 'key', 'miniature', 'goal']",plastic|image|key|miniature|goal,4,0.8,"['plastic', 'image', 'key', 'miniature']",plastic|image|key|miniature,"['image', 'cat', 'miniature', 'key', 'plastic']",image|cat|miniature|key|plastic,1,4
5,49,bullish,0.7521379590034485,0.6836831569671631,0.714791476726532,0.018781112506985664,0.8785403370857239,0.009881561622023582,0.8673511743545532,0.8907495141029358,0.12145966291427612,-0.00127410888671875,0.6900976896286011,0.6913717985153198,9,16,5,"['coin', 'force', 'law', 'computer', 'uncle']",coin|force|law|computer|uncle,4,0.8,"['coin', 'force', 'law', 'uncle']",coin|force|law|uncle,"['force', 'coin', 'dot', 'uncle', 'law']",force|coin|dot|uncle|law,1,3
5,50,groin,0.784852147102356,0.6680976748466492,0.7093331217765808,0.036017850041389465,0.8760515451431274,0.01728847809135914,0.8514993190765381,0.89509117603302,0.12394845485687256,-0.0002829432487487793,0.6811752915382385,0.6814582347869873,9,16,5,"['muscle', 'sport', 'back', 'goal', 'blood']",muscle|sport|back|goal|blood,4,0.8,"['muscle', 'sport', 'goal', 'blood']",muscle|sport|goal|blood,"['goal', 'sport', 'blood', 'crab', 'muscle']",goal|sport|blood|crab|muscle,1,2
5,51,lusaka,0.7652949094772339,0.6807636618614197,0.7130311131477356,0.025011565536260605,0.8777385950088501,0.011478325352072716,0.8577079176902771,0.8899142742156982,0.1222614049911499,-0.0027767419815063477,0.6732133030891418,0.6759900450706482,9,16,5,"['solution', 'back', 'journey', 'grain', 'soul']",solution|back|journey|grain|soul,4,0.8,"['back', 'journey', 'grain', 'soul']",back|journey|grain|soul,"['back', 'soul', 'grain', 'journey', 'pineapple']",back|soul|grain|journey|pineapple,2,0
6,42,chlordiazepoxide,0.7445558309555054,0.636433482170105,0.6878577470779419,0.02719205990433693,0.860163688659668,0.016260050237178802,0.83713299036026,0.8809214234352112,0.13983631134033203,-0.023227035999298096,0.6353452801704407,0.6585723161697388,9,16,6,"['pen', 'hair', 'bag', 'art', 'campsite', 'home']",pen|hair|bag|art|campsite|home,1,0.16666666666666666,['bag'],bag,"['music', 'lawhotel', 'camp', 'rectangle', 'bone', 'bag']",music|lawhotel|camp|rectangle|bone|bag,3,0
6,43,populist,0.7403745651245117,0.688342809677124,0.716766357421875,0.014925610274076462,0.8740550875663757,0.007491010706871748,0.8624943494796753,0.8872971534729004,0.12594491243362427,-0.003434121608734131,0.6816178560256958,0.6850519776344299,9,16,6,"['wine', 'chair', 'orange', 'branch', 'plant', 'start']",wine|chair|orange|branch|plant|start,4,0.6666666666666666,"['wine', 'chair', 'orange', 'branch']",wine|chair|orange|branch,"['chair', 'branch', 'picture', 'rooster', 'orange', 'wine']",chair|branch|picture|rooster|orange|wine,1,4
6,44,infrahuman,0.7699394822120667,0.6416154503822327,0.7078974843025208,0.03175252303481102,0.869816780090332,0.01571466401219368,0.8492316007614136,0.8934992551803589,0.13018321990966797,-0.008462190628051758,0.6709005832672119,0.6793627738952637,9,16,6,"['darkness', 'anger', 'head', 'revealed', 'plain', 'hunger']",darkness|anger|head|revealed|plain|hunger,3,0.5,"['head', 'plain', 'hunger']",head|plain|hunger,"['dolphin', 'head', 'hunger', 'plain', 'squid', 'line']",dolphin|head|hunger|plain|squid|line,3,0
6,45,gaudiness,0.7569108605384827,0.6754575967788696,0.7206612825393677,0.021186597645282745,0.8759097456932068,0.008343719877302647,0.8622823357582092,0.8864985108375549,0.12409025430679321,-0.0033847689628601074,0.701702892780304,0.7050876617431641,9,16,6,"['dream', 'body', 'galaxy', 'glass', 'beer', 'butter']",dream|body|galaxy|glass|beer|butter,5,0.8333333333333334,"['dream', 'body', 'galaxy', 'beer', 'butter']",dream|body|galaxy|beer|butter,"['body', 'dream', 'galaxy', 'beer', 'graveyard', 'butter']",body|dream|galaxy|beer|graveyard|butter,1,3
6,46,atropine,0.757020890712738,0.6869603395462036,0.7268455624580383,0.020854542031884193,0.8788468241691589,0.008081527426838875,0.8693050146102905,0.8932093381881714,0.12115317583084106,0.000975191593170166,0.67030930519104,0.6693341135978699,9,16,6,"['lock', 'grape', 'direction', 'ant', 'cherry', 'sun']",lock|grape|direction|ant|cherry|sun,5,0.8333333333333334,"['lock', 'grape', 'direction', 'cherry', 'sun']",lock|grape|direction|cherry|sun,"['sun', 'grape', 'direction', 'cherry', 'love', 'lock']",sun|grape|direction|cherry|love|lock,1,3
6,47,encephalartos,0.7495098114013672,0.6716933846473694,0.7072826027870178,0.018935617059469223,0.8695220947265625,0.005652130581438541,0.8580594062805176,0.8763143420219421,0.1304779052734375,-0.008074283599853516,0.661644697189331,0.6697189807891846,9,16,6,"['elephant', 'leaf', 'coffee', 'beer', 'enormous', 'hand']",elephant|leaf|coffee|beer|enormous|hand,3,0.5,"['elephant', 'leaf', 'enormous']",elephant|leaf|enormous,"['computer', 'enormous', 'elephant', 'juice', 'feeling', 'leaf']",computer|enormous|elephant|juice|feeling|leaf,1,2
6,48,skeet,0.7511174082756042,0.701504647731781,0.7267531752586365,0.016703756526112556,0.8788027167320251,0.008472288027405739,0.8644359111785889,0.8936123251914978,0.12119728326797485,-0.00454479455947876,0.6905630230903625,0.6951078176498413,9,16,6,"['image', 'key', 'holiday', 'plastic', 'puppy', 'goal']",image|key|holiday|plastic|puppy|goal,4,0.6666666666666666,"['image', 'key', 'holiday', 'plastic']",image|key|holiday|plastic,"['image', 'cat', 'miniature', 'key', 'plastic', 'holiday']",image|cat|miniature|key|plastic|holiday,1,4
6,49,bullish,0.7521379590034485,0.6836831569671631,0.7165248394012451,0.018725281581282616,0.8739397525787354,0.009920117445290089,0.8580859899520874,0.8856489062309265,0.12606024742126465,-0.0014702081680297852,0.68990159034729,0.6913717985153198,9,16,6,"['coin', 'force', 'law', 'computer', 'uncle', 'adventure']",coin|force|law|computer|uncle|adventure,4,0.6666666666666666,"['coin', 'force', 'law', 'uncle']",coin|force|law|uncle,"['force', 'coin', 'dot', 'uncle', 'law', 'chance']",force|coin|dot|uncle|law|chance,1,3
6,50,myosarcoma,0.784852147102356,0.6680976748466492,0.712768018245697,0.031355541199445724,0.8721468448638916,0.01624361053109169,0.8455396890640259,0.8889199495315552,0.1278531551361084,-0.007838666439056396,0.6435474753379822,0.6513861417770386,9,16,6,"['muscle', 'crab', 'image', 'goal', 'science', 'chair']",muscle|crab|image|goal|science|chair,3,0.5,"['muscle', 'crab', 'goal']",muscle|crab|goal,"['goal', 'sport', 'blood', 'crab', 'muscle', 'table']",goal|sport|blood|crab|muscle|table,1,2
6,51,lusaka,0.7652949094772339,0.6807636618614197,0.7174803614616394,0.023533273488283157,0.8743951916694641,0.011448523961007595,0.8515129685401917,0.8843152523040771,0.1256048083305359,-0.0027767419815063477,0.6732133030891418,0.6759900450706482,9,16,6,"['solution', 'back', 'journey', 'grain', 'soul', 'bag']",solution|back|journey|grain|soul|bag,5,0.8333333333333334,"['back', 'journey', 'grain', 'soul', 'bag']",back|journey|grain|soul|bag,"['back', 'soul', 'grain', 'journey', 'pineapple', 'bag']",back|soul|grain|journey|pineapple|bag,2,0
7,42,racketeering,0.7445558309555054,0.636433482170105,0.6892949342727661,0.025273794308304787,0.856552004814148,0.015912361443042755,0.8325464129447937,0.878258466720581,0.14344799518585205,-0.027636170387268066,0.6475421190261841,0.6751782894134521,9,16,7,"['alley', 'ring', 'bag', 'lawhotel', 'art', 'home', 'castle']",alley|ring|bag|lawhotel|art|home|castle,3,0.42857142857142855,"['alley', 'bag', 'lawhotel']",alley|bag|lawhotel,"['music', 'lawhotel', 'camp', 'rectangle', 'bone', 'bag', 'alley']",music|lawhotel|camp|rectangle|bone|bag|alley,1,1
7,43,hirundo,0.7446030974388123,0.6854829788208008,0.7164359092712402,0.015847738832235336,0.8700259327888489,0.006629953160881996,0.8615870475769043,0.8813594579696655,0.12997406721115112,-0.007294654846191406,0.6812748908996582,0.6885695457458496,9,16,7,"['metal', 'rooster', 'start', 'wine', 'island', 'picture', 'evening']",metal|rooster|start|wine|island|picture|evening,3,0.42857142857142855,"['rooster', 'wine', 'picture']",rooster|wine|picture,"['chair', 'branch', 'picture', 'rooster', 'orange', 'wine', 'fish']",chair|branch|picture|rooster|orange|wine|fish,2,0
7,44,infrahuman,0.7699394822120667,0.6416154503822327,0.7064269185066223,0.032046932727098465,0.8650816082954407,0.01699039898812771,0.845600962638855,0.8953182101249695,0.13491839170455933,-0.008462190628051758,0.6709005832672119,0.6793627738952637,9,16,7,"['darkness', 'anger', 'head', 'revealed', 'plain', 'hunger', 'shadow']",darkness|anger|head|revealed|plain|hunger|shadow,4,0.5714285714285714,"['head', 'revealed', 'plain', 'hunger']",head|revealed|plain|hunger,"['dolphin', 'head', 'hunger', 'plain', 'squid', 'line', 'revealed']",dolphin|head|hunger|plain|squid|line|revealed,3,0
7,45,flowery,0.7569108605384827,0.6754575967788696,0.7212485074996948,0.021700220182538033,0.8723934888839722,0.009417569264769554,0.8542206883430481,0.8864644765853882,0.12760651111602783,-0.006987810134887695,0.7227822542190552,0.7297700643539429,9,16,7,"['body', 'butter', 'dream', 'word', 'galaxy', 'cemetery', 'river']",body|butter|dream|word|galaxy|cemetery|river,4,0.5714285714285714,"['body', 'butter', 'dream', 'galaxy']",body|butter|dream|galaxy,"['body', 'dream', 'galaxy', 'beer', 'graveyard', 'butter', 'cloud']",body|dream|galaxy|beer|graveyard|butter|cloud,1,3
7,46,unguiculata,0.757020890712738,0.6869603395462036,0.7274075746536255,0.020686203613877296,0.8754137754440308,0.007887606509029865,0.863640308380127,0.8895949125289917,0.12458622455596924,-0.0032836198806762695,0.690096378326416,0.6933799982070923,9,16,7,"['grape', 'lock', 'love', 'sun', 'cherry', 'ant', 'cramped']",grape|lock|love|sun|cherry|ant|cramped,5,0.7142857142857143,"['grape', 'lock', 'love', 'sun', 'cherry']",grape|lock|love|sun|cherry,"['sun', 'grape', 'direction', 'cherry', 'love', 'lock', 'square']",sun|grape|direction|cherry|love|lock|square,1,5
7,47,encephalartos,0.7500414848327637,0.6716933846473694,0.7107771635055542,0.020798522979021072,0.86723393201828,0.005592280998826027,0.8609723448753357,0.87586909532547,0.13276606798171997,-0.008074283599853516,0.661644697189331,0.6697189807891846,9,16,7,"['elephant', 'leaf', 'coffee', 'beer', 'enormous', 'hand', 'size']",elephant|leaf|coffee|beer|enormous|hand|size,4,0.5714285714285714,"['elephant', 'leaf', 'coffee', 'enormous']",elephant|leaf|coffee|enormous,"['computer', 'enormous', 'elephant', 'juice', 'feeling', 'leaf', 'coffee']",computer|enormous|elephant|juice|feeling|leaf|coffee,1,3
7,48,teleprinter,0.7511174082756042,0.6807582378387451,0.7197299003601074,0.020373325794935226,0.8716470003128052,0.010637813247740269,0.8543809652328491,0.8881667852401733,0.12835299968719482,-0.006823241710662842,0.6650319695472717,0.6718552112579346,9,16,7,"['key', 'image', 'ship', 'cat', 'puppy', 'bus', 'miniature']",key|image|ship|cat|puppy|bus|miniature,5,0.7142857142857143,"['key', 'image', 'cat', 'bus', 'miniature']",key|image|cat|bus|miniature,"['image', 'cat', 'miniature', 'key', 'plastic', 'holiday', 'bus']",image|cat|miniature|key|plastic|holiday|bus,1,2
7,49,cole,0.7521379590034485,0.6836831569671631,0.7180196642875671,0.017429932951927185,0.8708057999610901,0.008419858291745186,0.8573976755142212,0.8801608085632324,0.1291942000389099,-0.0019409656524658203,0.7077557444572449,0.7096967101097107,9,16,7,"['coin', 'law', 'ring', 'force', 'dot', 'chance', 'salt']",coin|law|ring|force|dot|chance|salt,6,0.8571428571428571,"['coin', 'law', 'ring', 'force', 'dot', 'chance']",coin|law|ring|force|dot|chance,"['force', 'coin', 'dot', 'uncle', 'law', 'chance', 'ring']",force|coin|dot|uncle|law|chance|ring,1,6
7,50,clonus,0.784852147102356,0.6680976748466492,0.7144537568092346,0.029349738731980324,0.8690487742424011,0.016311073675751686,0.8407595157623291,0.8843209147453308,0.13095122575759888,-0.008048772811889648,0.6721833944320679,0.6802321672439575,9,16,7,"['muscle', 'blood', 'sport', 'science', 'table', 'crab', 'back']",muscle|blood|sport|science|table|crab|back,6,0.8571428571428571,"['muscle', 'blood', 'sport', 'table', 'crab', 'back']",muscle|blood|sport|table|crab|back,"['goal', 'sport', 'blood', 'crab', 'muscle', 'table', 'back']",goal|sport|blood|crab|muscle|table|back,1,3
7,51,respiratory,0.7652949094772339,0.6807636618614197,0.7171702980995178,0.02068980224430561,0.8703876733779907,0.00946183130145073,0.8512106537818909,0.8802757263183594,0.12961232662200928,-0.00526195764541626,0.6747297644615173,0.6799917221069336,9,16,7,"['smell', 'soul', 'appetite', 'back', 'solution', 'food', 'journey']",smell|soul|appetite|back|solution|food|journey,4,0.5714285714285714,"['smell', 'soul', 'back', 'journey']",smell|soul|back|journey,"['back', 'soul', 'grain', 'journey', 'pineapple', 'bag', 'smell']",back|soul|grain|journey|pineapple|bag|smell,1,2
8,42,nelfinavir,0.7445558309555054,0.627407968044281,0.6837068200111389,0.026495900005102158,0.8504372835159302,0.01664757914841175,0.8259345293045044,0.8759849071502686,0.14956271648406982,-0.029265284538269043,0.624437153339386,0.653702437877655,9,16,8,"['nectarine', 'bag', 'art', 'hair', 'key', 'home', 'pen', 'egg']",nectarine|bag|art|hair|key|home|pen|egg,2,0.25,"['nectarine', 'bag']",nectarine|bag,"['music', 'lawhotel', 'camp', 'rectangle', 'bone', 'bag', 'alley', 'nectarine']",music|lawhotel|camp|rectangle|bone|bag|alley|nectarine,1,2
8,43,spillikins,0.7446030974388123,0.6854316592216492,0.7121527791023254,0.016620531678199768,0.8649471998214722,0.007841983810067177,0.8519482612609863,0.8750754594802856,0.13505280017852783,-0.010778307914733887,0.6798186302185059,0.6905969381332397,9,16,8,"['picture', 'island', 'start', 'chair', 'grandmother', 'wine', 'orange', 'metal']",picture|island|start|chair|grandmother|wine|orange|metal,4,0.5,"['picture', 'chair', 'wine', 'orange']",picture|chair|wine|orange,"['chair', 'branch', 'picture', 'rooster', 'orange', 'wine', 'fish', 'cry']",chair|branch|picture|rooster|orange|wine|fish|cry,1,1
8,44,infrahuman,0.7699394822120667,0.6416154503822327,0.7075849175453186,0.03043176233768463,0.8626337051391602,0.015986010432243347,0.8410804271697998,0.8931941986083984,0.13736629486083984,-0.008462190628051758,0.6709005832672119,0.6793627738952637,9,16,8,"['darkness', 'anger', 'head', 'revealed', 'plain', 'hunger', 'shadow', 'jungle']",darkness|anger|head|revealed|plain|hunger|shadow|jungle,5,0.625,"['darkness', 'head', 'revealed', 'plain', 'hunger']",darkness|head|revealed|plain|hunger,"['dolphin', 'head', 'hunger', 'plain', 'squid', 'line', 'revealed', 'darkness']",dolphin|head|hunger|plain|squid|line|revealed|darkness,1,1
8,45,chechenia,0.7569108605384827,0.6754575967788696,0.7163498997688293,0.02222083881497383,0.8670676946640015,0.011175454594194889,0.8506246209144592,0.8857548236846924,0.13293230533599854,-0.009970128536224365,0.6564589738845825,0.6664291024208069,9,16,8,"['body', 'tiger', 'cemetery', 'bread', 'graveyard', 'galaxy', 'butter', 'dream']",body|tiger|cemetery|bread|graveyard|galaxy|butter|dream,5,0.625,"['body', 'graveyard', 'galaxy', 'butter', 'dream']",body|graveyard|galaxy|butter|dream,"['body', 'dream', 'galaxy', 'beer', 'graveyard', 'butter', 'cloud', 'cabin']",body|dream|galaxy|beer|graveyard|butter|cloud|cabin,1,1
8,46,unguiculata,0.757020890712738,0.6869603395462036,0.7242961525917053,0.019366683438420296,0.8710677623748779,0.007527383044362068,0.8605097532272339,0.8838782906532288,0.12893223762512207,-0.0032836198806762695,0.690096378326416,0.6933799982070923,9,16,8,"['grape', 'lock', 'love', 'sun', 'cherry', 'ant', 'cramped', 'direction']",grape|lock|love|sun|cherry|ant|cramped|direction,7,0.875,"['grape', 'lock', 'love', 'sun', 'cherry', 'ant', 'direction']",grape|lock|love|sun|cherry|ant|direction,"['sun', 'grape', 'direction', 'cherry', 'love', 'lock', 'square', 'ant']",sun|grape|direction|cherry|love|lock|square|ant,1,6
8,47,encephalartos,0.8049355745315552,0.6716933846473694,0.7153910398483276,0.02759217843413353,0.8665835857391357,0.010337663814425468,0.8537698984146118,0.883067786693573,0.13341641426086426,-0.008074283599853516,0.661644697189331,0.6697189807891846,9,16,8,"['elephant', 'leaf', 'coffee', 'beer', 'enormous', 'hand', 'size', 'cherry']",elephant|leaf|coffee|beer|enormous|hand|size|cherry,5,0.625,"['elephant', 'leaf', 'coffee', 'beer', 'enormous']",elephant|leaf|coffee|beer|enormous,"['computer', 'enormous', 'elephant', 'juice', 'feeling', 'leaf', 'coffee', 'beer']",computer|enormous|elephant|juice|feeling|leaf|coffee|beer,1,5
8,48,teleprinter,0.7511174082756042,0.6807582378387451,0.7219600677490234,0.019582627341151237,0.8698937892913818,0.010457748547196388,0.8528754711151123,0.8865418434143066,0.13010621070861816,-0.006823241710662842,0.6650319695472717,0.6718552112579346,9,16,8,"['key', 'image', 'ship', 'cat', 'puppy', 'bus', 'miniature', 'holiday']",key|image|ship|cat|puppy|bus|miniature|holiday,7,0.875,"['key', 'image', 'ship', 'cat', 'bus', 'miniature', 'holiday']",key|image|ship|cat|bus|miniature|holiday,"['image', 'cat', 'miniature', 'key', 'plastic', 'holiday', 'bus', 'ship']",image|cat|miniature|key|plastic|holiday|bus|ship,1,4
8,49,cole,0.7521379590034485,0.6686848402023315,0.7113775610923767,0.02033998630940914,0.8645549416542053,0.011114854365587234,0.8443875908851624,0.8774746656417847,0.13544505834579468,-0.006577014923095703,0.703119695186615,0.7096967101097107,9,16,8,"['coin', 'law', 'ring', 'force', 'dot', 'chance', 'salt', 'uncle']",coin|law|ring|force|dot|chance|salt|uncle,7,0.875,"['coin', 'law', 'ring', 'force', 'dot', 'chance', 'uncle']",coin|law|ring|force|dot|chance|uncle,"['force', 'coin', 'dot', 'uncle', 'law', 'chance', 'ring', 'juice']",force|coin|dot|uncle|law|chance|ring|juice,1,6
8,50,myopathic,0.784852147102356,0.653375506401062,0.7100605368614197,0.028378156945109367,0.8638883233070374,0.01604892872273922,0.8401840925216675,0.8794708251953125,0.13611167669296265,-0.011039495468139648,0.6559523940086365,0.6669918894767761,9,16,8,"['muscle', 'blood', 'sport', 'back', 'table', 'small', 'way', 'pea']",muscle|blood|sport|back|table|small|way|pea,5,0.625,"['muscle', 'blood', 'sport', 'back', 'table']",muscle|blood|sport|back|table,"['goal', 'sport', 'blood', 'crab', 'muscle', 'table', 'back', 'person']",goal|sport|blood|crab|muscle|table|back|person,1,5
8,51,respiratory,0.7652949094772339,0.6807636618614197,0.714243471622467,0.02096051722764969,0.8660041093826294,0.007879856042563915,0.8519903421401978,0.8734415769577026,0.1339958906173706,-0.00526195764541626,0.6747297644615173,0.6799917221069336,9,16,8,"['smell', 'soul', 'appetite', 'back', 'solution', 'food', 'journey', 'bag']",smell|soul|appetite|back|solution|food|journey|bag,6,0.75,"['smell', 'soul', 'appetite', 'back', 'journey', 'bag']",smell|soul|appetite|back|journey|bag,"['back', 'soul', 'grain', 'journey', 'pineapple', 'bag', 'smell', 'appetite']",back|soul|grain|journey|pineapple|bag|smell|appetite,1,4
9,42,nelfinavir,0.7445558309555054,0.627407968044281,0.687014639377594,0.02711402252316475,0.8495826721191406,0.01745574176311493,0.8206580877304077,0.8752851486206055,0.15041732788085938,-0.029265284538269043,0.624437153339386,0.653702437877655,9,16,9,"['nectarine', 'bag', 'art', 'hair', 'key', 'home', 'pen', 'egg', 'magic']",nectarine|bag|art|hair|key|home|pen|egg|magic,2,0.2222222222222222,"['nectarine', 'bag']",nectarine|bag,"['music', 'lawhotel', 'camp', 'rectangle', 'bone', 'bag', 'alley', 'nectarine', 'rain']",music|lawhotel|camp|rectangle|bone|bag|alley|nectarine|rain,1,2
9,43,embezzle,0.7446030974388123,0.6848608255386353,0.7108473777770996,0.016640009358525276,0.861960232257843,0.006958412937819958,0.8532217144966125,0.8717707395553589,0.13803976774215698,-0.010920047760009766,0.6640918254852295,0.6750118732452393,9,16,9,"['picture', 'wine', 'dance', 'cry', 'winter', 'heart', 'branch', 'pants', 'start']",picture|wine|dance|cry|winter|heart|branch|pants|start,5,0.5555555555555556,"['picture', 'wine', 'cry', 'branch', 'pants']",picture|wine|cry|branch|pants,"['chair', 'branch', 'picture', 'rooster', 'orange', 'wine', 'fish', 'cry', 'pants']",chair|branch|picture|rooster|orange|wine|fish|cry|pants,1,2
9,44,infrahuman,0.7699394822120667,0.6416154503822327,0.705241322517395,0.029084544628858566,0.8590646982192993,0.014937647618353367,0.8358821868896484,0.887353241443634,0.14093530178070068,-0.008462190628051758,0.6709005832672119,0.6793627738952637,9,16,9,"['darkness', 'anger', 'head', 'revealed', 'plain', 'hunger', 'shadow', 'jungle', 'place']",darkness|anger|head|revealed|plain|hunger|shadow|jungle|place,6,0.6666666666666666,"['darkness', 'anger', 'head', 'revealed', 'plain', 'hunger']",darkness|anger|head|revealed|plain|hunger,"['dolphin', 'head', 'hunger', 'plain', 'squid', 'line', 'revealed', 'darkness', 'anger']",dolphin|head|hunger|plain|squid|line|revealed|darkness|anger,1,6
9,45,spitsbergen,0.7569108605384827,0.6643279790878296,0.7140400409698486,0.022257858887314796,0.8636049032211304,0.010963342152535915,0.8495786786079407,0.882165253162384,0.13639509677886963,-0.011975705623626709,0.674508273601532,0.6864839792251587,9,16,9,"['cabin', 'beer', 'tiger', 'sleep', 'mud', 'dream', 'word', 'butter', 'galaxy']",cabin|beer|tiger|sleep|mud|dream|word|butter|galaxy,5,0.5555555555555556,"['cabin', 'beer', 'dream', 'butter', 'galaxy']",cabin|beer|dream|butter|galaxy,"['body', 'dream', 'galaxy', 'beer', 'graveyard', 'butter', 'cloud', 'cabin', 'giant']",body|dream|galaxy|beer|graveyard|butter|cloud|cabin|giant,1,2
9,46,enantiomorph,0.7740835547447205,0.6843520998954773,0.721319854259491,0.021812226623296738,0.8673432469367981,0.009841381572186947,0.8566674590110779,0.8882074952125549,0.1326567530632019,-0.00473397970199585,0.6808120608329773,0.6855460405349731,9,16,9,"['ant', 'love', 'direction', 'square', 'lock', 'size', 'forest', 'grape', 'movie']",ant|love|direction|square|lock|size|forest|grape|movie,7,0.7777777777777778,"['ant', 'love', 'direction', 'square', 'lock', 'grape', 'movie']",ant|love|direction|square|lock|grape|movie,"['sun', 'grape', 'direction', 'cherry', 'love', 'lock', 'square', 'ant', 'movie']",sun|grape|direction|cherry|love|lock|square|ant|movie,1,5
9,47,encephalartos,0.8049355745315552,0.6716933846473694,0.7159810066223145,0.02588578499853611,0.8646032214164734,0.008755940943956375,0.8513890504837036,0.8780490159988403,0.1353967785835266,-0.008074283599853516,0.661644697189331,0.6697189807891846,9,16,9,"['elephant', 'leaf', 'coffee', 'beer', 'enormous', 'hand', 'size', 'cherry', 'computer']",elephant|leaf|coffee|beer|enormous|hand|size|cherry|computer,7,0.7777777777777778,"['elephant', 'leaf', 'coffee', 'beer', 'enormous', 'hand', 'computer']",elephant|leaf|coffee|beer|enormous|hand|computer,"['computer', 'enormous', 'elephant', 'juice', 'feeling', 'leaf', 'coffee', 'beer', 'hand']",computer|enormous|elephant|juice|feeling|leaf|coffee|beer|hand,1,6
9,48,capsid,0.7511174082756042,0.6514185667037964,0.7142703533172607,0.02464032545685768,0.8637233376502991,0.014847060665488243,0.8360253572463989,0.8862525224685669,0.13627666234970093,-0.013502895832061768,0.6459289789199829,0.6594318747520447,9,16,9,"['image', 'plastic', 'key', 'happiness', 'steel', 'vegetable', 'painting', 'sandwich', 'large']",image|plastic|key|happiness|steel|vegetable|painting|sandwich|large,4,0.4444444444444444,"['image', 'plastic', 'key', 'vegetable']",image|plastic|key|vegetable,"['image', 'cat', 'miniature', 'key', 'plastic', 'holiday', 'bus', 'ship', 'vegetable']",image|cat|miniature|key|plastic|holiday|bus|ship|vegetable,1,3
9,49,virilise,0.7521379590034485,0.6686848402023315,0.7138011455535889,0.019915420562028885,0.863481879234314,0.011119624599814415,0.8440714478492737,0.8773660063743591,0.13651812076568604,-0.011255443096160889,0.6625801920890808,0.6738356351852417,9,16,9,"['hair', 'uncle', 'law', 'peach', 'salt', 'hand', 'book', 'juice', 'corpse']",hair|uncle|law|peach|salt|hand|book|juice|corpse,4,0.4444444444444444,"['hair', 'uncle', 'law', 'juice']",hair|uncle|law|juice,"['force', 'coin', 'dot', 'uncle', 'law', 'chance', 'ring', 'juice', 'hair']",force|coin|dot|uncle|law|chance|ring|juice|hair,1,3
9,50,cadaveric,0.784852147102356,0.653375506401062,0.7063071131706238,0.027457714080810547,0.8596158623695374,0.01573966071009636,0.8368290662765503,0.8757615685462952,0.14038413763046265,-0.0179368257522583,0.6467626690864563,0.6646994948387146,9,16,9,"['muscle', 'crab', 'blood', 'back', 'science', 'image', 'soul', 'pea', 'table']",muscle|crab|blood|back|science|image|soul|pea|table,5,0.5555555555555556,"['muscle', 'crab', 'blood', 'back', 'table']",muscle|crab|blood|back|table,"['goal', 'sport', 'blood', 'crab', 'muscle', 'table', 'back', 'person', 'forest']",goal|sport|blood|crab|muscle|table|back|person|forest,1,4
9,51,respiratory,0.7652949094772339,0.6807636618614197,0.7168833613395691,0.021608036011457443,0.8650669455528259,0.009459308348596096,0.8487300872802734,0.874561071395874,0.13493305444717407,-0.00526195764541626,0.6747297644615173,0.6799917221069336,9,16,9,"['smell', 'soul', 'appetite', 'back', 'solution', 'food', 'journey', 'bag', 'berry']",smell|soul|appetite|back|solution|food|journey|bag|berry,7,0.7777777777777778,"['smell', 'soul', 'appetite', 'back', 'solution', 'journey', 'bag']",smell|soul|appetite|back|solution|journey|bag,"['back', 'soul', 'grain', 'journey', 'pineapple', 'bag', 'smell', 'appetite', 'solution']",back|soul|grain|journey|pineapple|bag|smell|appetite|solution,1,5
